date,open,close,high,low,volume
2021-04-30,19.79846823832313,19.82929420471192,19.89480177192932,19.75222708384036,42100
2021-05-03,19.860119863386466,19.80617332458496,19.860119863386466,19.72910621061156,14000
2021-05-04,19.837000630101706,19.844707489013672,19.975721150651083,19.821586912277763,16600
2021-05-05,19.860118180034423,19.937185287475582,19.94489067528017,19.806171645805453,8200
2021-05-06,19.82158144137588,19.97571563720703,19.97571563720703,19.775341770599585,11700
2021-05-07,19.97571563720703,19.97571563720703,20.0111660024711,19.921769109645915,8100
2021-05-10,19.906355396076275,19.97571563720703,19.97571563720703,19.906355396076275,5700
2021-05-11,19.89094211028285,19.96030235290528,19.96030235290528,19.767635338939137,11800
2021-05-12,19.94488995587726,19.7368106842041,19.94488995587726,19.608879496256783,26400
2021-05-13,19.690568215522777,19.725248336791992,19.80848033385158,19.690568215522777,10900
2021-05-14,19.80617462505969,19.759933471679688,19.83777083562308,19.436252747684843,32000
2021-05-17,19.798464814329822,19.744518280029297,19.798464814329822,19.67515803023353,15700
2021-05-18,19.7599285490052,19.85240936279297,19.85240936279297,19.72910259103105,12500
2021-05-19,19.74451825383908,19.937185287475582,19.937185287475582,19.74451825383908,13400
2021-05-20,19.95259691728544,19.89094352722168,19.960303774785004,19.875531282155315,6900
2021-05-21,19.96030720825365,19.991134643554688,20.021960608922708,19.86782784221657,14900
2021-05-24,20.01193876659445,20.00654411315918,20.021957828669347,19.960304436561493,11700
2021-05-25,19.99113260479937,20.01425170898437,20.03737228310225,19.975718888720788,9200
2021-05-26,19.84470201173034,19.97571563720703,20.05586518385001,19.84470201173034,13400
2021-05-27,19.91406145529256,20.07590103149414,20.07590103149414,19.898647742340245,27100
2021-05-28,18.41897103320529,20.083614349365234,20.26086916547896,18.39585192627141,65900
2021-06-01,20.114437103271484,20.114437103271484,20.23003702083256,20.114437103271484,35300
2021-06-02,20.106728584457247,20.05278205871582,20.191502536298103,20.037368345666103,27800
2021-06-03,20.04507520219096,20.05278205871582,20.114435440982103,20.035056141715387,30700
2021-06-04,20.033520632242087,20.045080184936523,20.10365113313877,20.00654589273349,14700
2021-06-07,20.045077997095746,20.06434440612793,20.10287722419231,20.045077997095746,7700
2021-06-08,20.04507753918607,20.03737068176269,20.060491254032826,19.921000515515026,17700
2021-06-09,20.03737332649592,20.045080184936523,20.11444044096903,19.99884050422584,18100
2021-06-10,19.98342687045152,20.1992130279541,20.1992130279541,19.952599436560888,13600
2021-06-11,20.122916767255603,20.230039596557617,20.30710670805489,20.122916767255603,19600
2021-06-14,20.2993979179682,20.42270469665528,20.42270469665528,20.16067742446205,59400
2021-06-15,20.3479519548044,20.361053466796875,20.48436025856181,20.3479519548044,32700
2021-06-16,20.34332703209269,20.484359741210938,20.484359741210938,20.291692700202585,28800
2021-06-17,20.492066262312004,20.65390586853028,20.65390586853028,20.461238830689755,38200
2021-06-18,20.50748002786796,20.73867988586425,20.87740038863518,20.422706060633985,212400
2021-06-21,20.72326530884382,20.769506454467773,20.769506454467773,20.638492815065486,29300
2021-06-22,20.746385087155524,20.6770248413086,20.754091944464378,20.6770248413086,36100
2021-06-23,20.692440897078704,20.66161346435547,20.76950800895389,20.65390660617465,17800
2021-06-24,20.74022024609178,20.76179885864257,20.792624818029687,20.62307836656874,18100
2021-06-25,20.669318976066503,20.62307929992676,20.71555865220625,20.468945086217204,33100
2021-06-28,20.53830251563751,20.376462936401367,20.53830251563751,20.376462936401367,53600
2021-06-29,20.51518786586333,20.40729331970215,20.569134403977465,20.34563992329558,40700
2021-06-30,20.562447517853226,21.17367935180664,21.17367935180664,20.53972277784313,153800
2021-07-01,20.977774214525763,20.946428298950195,21.07964545083531,20.907247399136256,95800
2021-07-02,20.875902872939808,20.805376052856445,20.875902872939808,20.75052219160397,28200
2021-07-06,20.71917791507179,20.76619529724121,20.874336621420948,20.71917791507179,43600
2021-07-07,20.86022909417804,20.74268341064453,20.86022909417804,20.711338991116264,21500
2021-07-08,20.742685309828826,20.79754066467285,20.809294636240203,20.734848830565387,22200
2021-07-09,20.88373808437744,20.781082153320312,20.88373808437744,20.72701298955118,16500
2021-07-12,20.84455899134246,20.82888603210449,20.84455899134246,20.77011318228994,12400
2021-07-13,20.883739165438502,20.41356086730957,20.883739165438502,20.382216444583964,13000
2021-07-14,20.47625264635867,20.64081573486328,20.68783311958358,20.46606656768401,24000
2021-07-15,20.640809194698125,20.63297271728516,20.64864567211109,20.56244591522369,11900
2021-07-16,20.70350501372376,20.53110694885254,20.70350501372376,20.452743648581755,24800
2021-07-19,20.38221622089313,20.19414520263672,20.49270714074139,20.170635764858822,17800
2021-07-20,20.28817939370013,20.243513107299805,20.34303325231652,20.209817592622755,32000
2021-07-21,20.27250805642192,20.36654281616211,20.36654281616211,20.27250805642192,11400
2021-07-22,20.4213981628418,20.4213981628418,20.44490760181732,20.37438077954643,5200
2021-07-23,20.437068682820502,20.33519744873047,20.437068682820502,20.33519744873047,9100
2021-07-26,20.288178576391537,20.33519744873047,20.358705390244445,20.288178576391537,30900
2021-07-27,20.42923220409736,20.33519744873047,20.42923220409736,20.24116119870809,9700
2021-07-28,20.358705247009663,20.374378204345703,20.39788764034977,20.276424462978657,8700
2021-07-29,20.29601762501266,20.38221740722656,20.38221740722656,20.288181145297244,4500
2021-07-30,20.382215601092984,20.578123092651367,20.71134024669729,20.374379122071986,29700
2021-08-02,20.742685887515773,20.648651123046875,20.742685887515773,20.53894190495899,18900
2021-08-03,20.570286613630365,20.578123092651367,20.66432286722683,20.515432755138907,13800
2021-08-04,20.63297980774949,20.60947036743164,20.64081628785544,20.51700199469948,11000
2021-08-05,20.68783187866211,20.68783187866211,20.68783187866211,20.55461471773229,13400
2021-08-06,20.68783187866211,20.68783187866211,20.68783187866211,20.593797114862017,15800
2021-08-09,20.68783078783296,20.695667266845703,20.71917670388393,20.636894421577907,21200
2021-08-10,20.69567097246693,20.617307662963867,20.73093438701052,20.433155604485847,13900
2021-08-11,20.53502426649524,20.68783187866211,20.68783187866211,20.53110677411008,14200
2021-08-12,20.664323935039896,20.68783187866211,20.68783187866211,20.578124156010126,11500
2021-08-13,20.648651123046875,20.648651123046875,20.687832025799644,20.601633740812428,21200
2021-08-16,20.727014423208043,20.648651123046875,20.727014423208043,20.583609688539003,30100
2021-08-17,20.55461486392235,20.648651123046875,20.727014423208043,20.55461486392235,27300
2021-08-18,20.582041520628863,20.66432380676269,20.68783175023898,20.582041520628863,17100
2021-08-19,20.648649340879643,20.727012634277344,20.727012634277344,20.632976383269003,12500
2021-08-20,20.72701167524487,20.75835609436035,20.75835609436035,20.67215632614577,14400
2021-08-23,20.750522338299525,20.76619529724121,20.76619529724121,20.737985166870683,6900
2021-08-24,20.75835705484312,20.727012634277344,20.76619353364844,20.61495233255122,10700
2021-08-25,20.727014275791834,20.68783187866211,20.75835869883999,20.68783187866211,7400
2021-08-26,20.71134128571044,20.71604347229004,20.71604347229004,20.65648742446716,2400
2021-08-27,20.664323660424515,20.70350456237793,20.71917752102153,20.660404673435814,10900
2021-08-30,20.61730520512016,20.648651123046875,20.75835884647913,20.61730520512016,12800
2021-08-31,20.5859595936156,20.46057891845703,20.648649931194885,20.405725059907105,41500
2021-09-01,20.46841621398925,20.46841621398925,20.546778018097623,20.429233817279467,15400
2021-09-02,20.43706810814281,20.546775817871094,20.56244877487669,20.43706810814281,12900
2021-09-03,20.49975892881647,20.472332000732425,20.518566178739167,20.42139563658113,13000
2021-09-07,20.51543235778809,20.51543235778809,20.51543235778809,20.44020335636798,17600
2021-09-08,20.444903098252937,20.491920471191406,20.546774322062177,20.444903098252937,7900
2021-09-09,20.401021650838057,20.552261352539062,20.552261352539062,20.401021650838057,19000
2021-09-10,20.57655684147724,20.538942337036133,20.57655684147724,20.45196085066761,5200
2021-09-13,20.491920471191406,20.491920471191406,20.55461079999448,20.41355718652373,8300
2021-09-14,20.4605805298821,20.538942337036133,20.546778816682668,20.4605805298821,8200
2021-09-15,20.582039767856312,20.57028579711914,20.582039767856312,20.41355921223128,16300
2021-09-16,20.50759841797749,20.67999649047852,20.67999649047852,20.47625249861965,14000
2021-09-17,20.67216211616501,20.52327346801757,20.67216211616501,20.52327346801757,18200
2021-09-20,20.476249983049964,20.39788818359375,20.51543237743359,20.390051704717024,11000
2021-09-21,20.390052923929268,20.41356086730957,20.460579743381388,20.390052923929268,8600
2021-09-22,20.41356095065598,20.66432380676269,20.67999527086168,20.41356095065598,23500
2021-09-23,20.687829283031228,20.75835609436035,20.75835609436035,20.57106829514881,26500
2021-09-24,20.774032052249737,20.75052261352539,20.774032052249737,20.60946897049062,27400
2021-09-27,20.68783367383539,20.60947036743164,20.797542900662943,20.57420695428274,13800
2021-09-28,20.546776378211955,20.452741622924805,20.550695364897955,20.382214809131696,24000
2021-09-29,20.468415497572984,20.65648651123047,20.65648651123047,20.42923310223462,17900
2021-09-30,20.81426934280332,20.885986328125,21.06926779700252,20.599113827106244,32700
2021-10-01,20.79832677784868,20.73457717895508,20.965668904978003,20.726608289104583,15900
2021-10-04,20.71864217503761,20.535362243652344,20.769641253020968,20.503486679979847,14100
2021-10-05,20.551300274239846,20.43973731994629,20.56723653635845,20.43973731994629,17100
2021-10-06,20.43974147230924,20.39989852905273,20.45567925757617,20.36005406588538,27200
2021-10-07,20.447710364942704,20.39989852905273,20.45010118472383,20.39989852905273,16800
2021-10-08,20.43575615728417,20.320209503173828,20.47958430331988,20.320209503173828,24500
2021-10-11,20.37598688758192,20.446908950805664,20.446908950805664,20.344112844723377,13100
2021-10-12,20.447704884527667,20.312236785888672,20.48754781710542,20.304267895391032,25600
2021-10-13,20.280361436937724,20.20067405700684,20.399891746878875,20.18473627703859,87600
2021-10-14,20.240520454818004,20.22458267211914,20.34411452245,20.136927907096627,131800
2021-10-15,20.216615599033894,20.16083335876465,20.216615599033894,20.097083746939006,157200
2021-10-18,20.16083182712787,20.15286445617676,20.16880071798949,20.04130150402445,88900
2021-10-19,20.15286598720825,20.16083335876465,20.200677816099823,20.12099042134011,41900
2021-10-20,20.160829607086217,20.20067405700684,20.26442365696948,20.160829607086217,30700
2021-10-21,20.240520454818004,20.22458267211914,20.28833228300397,20.16880195258374,14100
2021-10-22,20.20067592875932,20.1767692565918,20.264425534628856,20.16880036586929,15200
2021-10-25,20.2245791944252,20.192705154418945,20.2245791944252,20.160829594502346,31600
2021-10-26,20.200677529202213,20.23255157470703,20.2564582487686,20.17677085514064,37000
2021-10-27,20.22458238683889,20.296300888061523,20.34411423548368,20.208646124275432,37700
2021-10-28,20.24848747253418,20.24848747253418,20.34411263996835,20.240518581922128,49900
2021-10-29,20.20067751798146,20.22458267211914,20.28833228300397,20.160833061234307,108200
2021-11-01,20.240522604635803,20.230960845947266,20.280367065614985,20.2006796635674,30100
2021-11-02,20.22458271700224,20.256458282470703,20.296301219395662,20.21661534554574,14100
2021-11-03,20.22458275057197,20.28036499023437,20.30825535011027,20.22458275057197,31300
2021-11-04,20.248488788334647,20.3759880065918,20.38794058333136,20.248488788334647,30900
2021-11-05,20.391923627703623,20.463642120361328,20.47957990093202,20.35686081443019,28000
2021-11-08,20.47957955053775,20.487546920776367,20.551298041968387,20.463641770239743,38500
2021-11-09,20.519422807756943,20.447704315185547,20.519422807756943,20.41343945491916,8900
2021-11-10,20.467626338629017,20.30426788330078,20.467626338629017,20.240518279268063,23900
2021-11-11,20.33614378539679,20.27239418029785,20.33614378539679,20.27239418029785,16300
2021-11-12,20.280364704674128,20.35208320617676,20.39192614260684,20.272395813406,32900
2021-11-15,20.3839591192501,20.320209503173828,20.3839591192501,20.320209503173828,10800
2021-11-16,20.328177285929293,20.34809875488281,20.399895790090493,20.328177285929293,10600
2021-11-17,20.32020761848245,20.336145401000977,20.36005055486817,20.29470807839916,14800
2021-11-18,20.31224066327681,20.301084518432617,20.36005249547897,20.28833398722036,25900
2021-11-19,20.31223874983608,20.35208320617676,20.35208320617676,20.31223874983608,9000
2021-11-22,20.361643019248085,20.328174591064453,20.361643019248085,20.328174591064453,9300
2021-11-23,20.27239960337557,20.344118118286133,20.638959550775432,20.27239960337557,15700
2021-11-24,20.39192392878872,20.407861709594727,20.479580203311347,20.33693964894528,10700
2021-11-26,20.280363531976448,20.3321590423584,20.35606571478042,20.280363531976448,9800
2021-11-29,20.32020761848245,20.336145401000977,20.38395722864597,20.29630094470465,6400
2021-11-30,20.375989226921604,20.13692855834961,20.375989226921604,20.13692855834961,53400
2021-12-01,20.200677573996984,20.2644271850586,20.313035446541114,20.200677573996984,29300
2021-12-02,20.208646454178623,20.256458282470703,20.304270110762783,20.208646454178623,11200
2021-12-03,20.240520510944005,20.2644271850586,20.312239013377145,20.240520510944005,16500
2021-12-06,20.30426985856793,20.35208320617676,20.423800187768787,20.25167639212672,17700
2021-12-07,20.383956591208555,20.4317684173584,20.4556750903886,20.32020698303858,30100
2021-12-08,20.463643992990026,20.43973731994629,20.463643992990026,20.36004992971105,16200
2021-12-09,20.304269201018453,20.4317684173584,20.487549134518307,20.304269201018453,14700
2021-12-10,20.407867421686205,20.39989852905273,20.47081908964217,20.36005406588538,18100
2021-12-13,20.471613180239945,20.3759880065918,20.471613180239945,20.336145070852904,27700
2021-12-14,20.423802059331244,20.320209503173828,20.423802059331244,20.31224061117545,29100
2021-12-15,20.28036499023437,20.28036499023437,20.39192642973794,20.26442720747369,24500
2021-12-16,20.37598711582392,20.559267044067383,20.575204825630426,20.32020640026377,67900
2021-12-17,20.43974056592376,20.5991153717041,20.5991153717041,20.37599094759377,47800
2021-12-20,20.559267349690128,20.50348663330078,20.559267349690128,20.344113375032723,40900
2021-12-21,20.575205154929456,20.51942443847656,20.575205154929456,20.483565189341057,14300
2021-12-22,20.559267408175003,20.543331146240234,20.59911186278826,20.479581538769555,26200
2021-12-23,20.536157021362914,20.447704315185547,20.55129836885997,20.439735424909788,49600
2021-12-27,20.44770619937853,20.4317684173584,20.506674168960355,20.429377598064324,10000
2021-12-28,20.459661181453896,20.52341079711914,20.52341079711914,20.415834555611507,9500
2021-12-29,20.57520645854525,20.63895606994629,20.63895606994629,20.439738344329218,30500
2021-12-30,20.661651549878936,20.588699340820312,20.661651549878936,20.54817102292384,22300
2021-12-31,20.636522459585454,20.839977264404297,20.88050712631747,20.636522459585454,29500
2022-01-03,20.726499946583523,20.805126190185547,20.810800217124736,20.660033436462896,17700
2022-01-04,20.791345687745387,20.58059501647949,20.791345687745387,20.523854748457204,15200
2022-01-05,20.58059490447361,20.434690475463867,20.67786503916555,20.434690475463867,13900
2022-01-06,20.43468767394664,20.73541259765625,20.75081440881344,20.398213117751062,39300
2022-01-07,20.791343562841384,20.64543914794922,20.791343562841384,20.63003888222696,5400
2022-01-10,20.637336834608405,20.62923240661621,20.6527386491178,20.507644341942783,16000
2022-01-11,20.68597004772464,20.67786407470703,20.77108044532515,20.548171598537795,15700
2022-01-12,20.767026641952693,20.758920669555664,20.77513106829357,20.677052358218656,16500
2022-01-13,20.775133334309302,20.71028709411621,20.775133334309302,20.66165280048547,11800
2022-01-14,20.742709140534032,20.78323745727539,20.78323745727539,20.66165096099513,21800
2022-01-18,20.783238172811213,20.734603881835938,20.783238172811213,20.50602101359029,36100
2022-01-19,20.750815827513108,20.734603881835938,20.750815827513108,20.66975764518349,12400
2022-01-20,20.673000240868024,20.750816345214844,20.76702829129648,20.58869997651106,28800
2022-01-21,20.68596716960527,20.7183895111084,20.775129768280912,20.596803024873577,18100
2022-01-24,20.669758762521862,20.55627822875977,20.6859707090754,20.483326015325183,29300
2022-01-25,20.531147982663203,20.53276824951172,20.62112226655272,20.454142017786424,11000
2022-01-26,20.50763931450929,20.37794685363769,20.52385125863227,20.329312567324862,9600
2022-01-27,20.454143188176563,20.24015045166016,20.454143188176563,20.22394005196667,42100
2022-01-28,20.19962310791016,20.19962310791016,20.264469347981446,20.11856492130697,39400
2022-01-31,20.256358310203964,20.36173439025879,20.394156729160017,20.13477183372649,82400
2022-02-01,20.43469231029776,20.28311538696289,20.43469231029776,20.27257746599665,24600
2022-02-02,20.26446914672852,20.26446914672852,20.361739278897584,20.22394082685758,48100
2022-02-03,20.223941748407665,20.150989532470703,20.272576043680186,19.98887315348715,71600
2022-02-04,20.11856414969382,19.737592697143555,20.167198441367923,19.67274645955933,176300
2022-02-07,19.842968922712554,20.086143493652344,20.09424946728931,19.77001670603625,67100
2022-02-08,20.02535038869684,20.126672744750977,20.126672744750977,19.992928038708875,90900
2022-02-09,20.150989532470703,20.150989532470703,20.19962382774322,20.01805342143939,57800
2022-02-10,20.0942483750796,19.98076629638672,20.09830058864963,19.94834394965754,17500
2022-02-11,19.92402551413176,19.96455383300781,19.96455383300781,19.822703170885344,46900
2022-02-14,20.02129524172861,19.65653419494629,20.061823559790543,19.64032224929902,69000
2022-02-15,19.697061352366124,19.66544914245605,19.818649391499854,19.656533036692306,29900
2022-02-16,19.55116210208828,19.74570083618164,19.859181377888664,19.55116210208828,40800
2022-02-17,19.745697215473147,19.680850982666016,19.77001358649073,19.65653306559229,75400
2022-02-18,19.68085001268008,19.721378326416016,19.77811858406875,19.65653209680488,33100
2022-02-22,19.65653373968016,19.713274002075195,19.77812023710612,19.640321794408383,27400
2022-02-23,19.834862002033987,19.6889591217041,19.834862002033987,19.664641201954296,13600
2022-02-24,19.575478477564683,19.74570083618164,19.79433513319088,18.870275759733296,40000
2022-02-25,19.7456996571791,19.85107421875,19.85918019211028,19.737593683818822,24900
2022-02-28,19.85917675759669,19.721378326416016,19.96455130094376,19.616003783068948,55200
2022-03-01,19.84296904288906,19.80000877380371,19.92402723369324,19.797576827092254,12600
2022-03-02,19.818650681709308,19.80243873596192,19.83405094792996,19.68085223496895,19300
2022-03-03,19.78622797792414,19.85107421875,19.940238379656684,19.78622797792414,18300
2022-03-04,19.786226013449028,19.778120040893555,19.85026211439794,19.71732756581177,10800
2022-03-07,19.77812202836506,19.41336250305176,19.77812202836506,19.145059886489697,40800
2022-03-08,19.45389114468538,19.64842987060547,19.72138208608255,19.372832955704585,44500
2022-03-09,19.76190906995248,19.737592697143555,19.84296725344681,19.618436595366056,16700
2022-03-10,19.59168795841346,19.65653419494629,19.770014722364685,19.59168795841346,9500
2022-03-11,19.69706514700749,19.76191139221192,19.851075559139165,19.69706514700749,19600
2022-03-14,19.73759205445896,19.575475692749023,19.73759205445896,19.53494737534964,26800
2022-03-15,19.71813873095147,19.810544967651367,19.851073286493094,19.5511600165293,19900
2022-03-16,19.851071857812943,19.90781211853028,19.98887029643624,19.71327341918965,31200
2022-03-17,19.90781374477155,20.18341064453125,20.18341064453125,19.89970777171317,18000
2022-03-18,20.22394134241913,20.280681610107425,20.280681610107425,20.0488551000514,18100
2022-03-21,20.28068118976134,20.18665313720703,20.28068118976134,19.660587379597665,13800
2022-03-22,20.10235410275969,20.17530632019043,20.244206323788973,20.10235410275969,11100
2022-03-23,20.207728880486684,20.26446914672852,20.36984370602673,20.1931387471754,12300
2022-03-24,20.280682017235,20.150989532470703,20.329316312507515,20.150989532470703,10100
2022-03-25,20.232044219970703,20.232044219970703,20.272574083826548,20.02939953886015,22700
2022-03-28,20.2077298343488,20.34147453308105,20.40226856181341,20.19151788721265,21200
2022-03-29,20.264470590920503,20.32121086120605,20.475221270592844,20.264470590920503,32400
2022-03-30,20.33741963153689,20.29607963562012,20.43468820938602,20.26446742512196,72500
2022-03-31,20.61701169795424,20.485010147094727,20.625261991580786,20.419009371664973,162200
2022-04-01,20.600511687993208,20.36125946044922,20.600511687993208,20.33238421873844,33500
2022-04-04,20.311758369512106,20.44375991821289,20.5427602929472,20.311758369512106,36200
2022-04-05,20.489132823023507,20.22925567626953,20.50975934218579,20.22925567626953,31200
2022-04-06,20.06425318873941,20.19625473022461,20.315881618940097,20.06425318873941,23300
2022-04-07,20.113753830660432,19.907501220703125,20.295257134515687,19.841500448460085,40100
2022-04-08,19.98999952955032,19.84149742126465,20.072500875662605,19.82169703525441,18400
2022-04-11,19.825000090050203,19.783748626708984,19.93225074757252,19.725998151613705,61400
2022-04-12,19.899251713074687,19.75074958801269,20.023002959432187,19.75074958801269,29300
2022-04-13,19.84974995906564,19.973501205444336,20.04775226798805,19.84974995906564,13200
2022-04-14,19.90750088124542,19.957002639770508,19.957002639770508,19.8332513906228,12700
2022-04-18,20.01475357542884,19.75900077819824,20.01475357542884,19.75900077819824,22900
2022-04-19,19.72599915891732,19.77549934387207,19.783749636961613,19.62699878900782,20700
2022-04-20,19.767247272974583,20.03125190734864,20.03950219969617,19.72599738481927,34500
2022-04-21,19.990003463658795,20.09725570678711,20.171506775542834,19.990003463658795,22900
2022-04-22,20.122002545553705,20.13025283813477,20.13025283813477,19.96525170726084,10700
2022-04-25,20.06590512172964,19.932252883911133,20.130255208423584,19.924002590358626,19800
2022-04-26,20.122003897942086,19.849750518798828,20.122003897942086,19.849750518798828,15900
2022-04-27,19.866248297173023,19.84149742126465,20.068376516469023,19.767246367121817,14300
2022-04-28,19.907499004093715,20.27050399780273,20.27050399780273,19.8315988325775,23000
2022-04-29,20.212756094664297,20.31175804138184,20.369508521307665,20.08075454809595,52300
2022-05-02,20.179755618869564,19.99000358581543,20.37775951914988,19.927302612990434,19800
2022-05-03,20.072504280205383,19.81675148010254,20.10550545368062,19.759001000103435,46600
2022-05-04,19.841501008163128,19.87450218200684,19.94462731605084,19.70949945995346,43900
2022-05-05,19.88027644604213,19.849750518798828,19.89925227761216,19.67649908369972,28900
2022-05-06,19.8002502231407,19.77549934387207,19.85800070118499,19.70124827964869,30000
2022-05-09,19.80024875538302,19.66824722290039,19.841498644190445,19.66824722290039,44700
2022-05-10,19.635249299141204,19.701250076293945,19.84975221828328,19.60224969735616,18600
2022-05-11,19.61874726851554,19.725997924804688,19.841498873667216,19.61874726851554,15200
2022-05-12,19.626998339344667,19.2557430267334,19.758999878588124,19.12374148748994,45800
2022-05-13,19.38774580650241,19.30524444580078,19.569247541179944,19.26399455224125,55600
2022-05-16,19.5387228463312,19.263994216918945,19.5387228463312,19.14849168451415,24300
2022-05-17,19.367119507024487,19.18149185180664,19.453745221598663,19.173241558954462,31500
2022-05-18,19.140239051289694,19.18973922729492,19.263990278093875,19.09898759330015,19600
2022-05-19,19.263996340394897,19.321746826171875,19.45374838611432,19.18974526622944,13300
2022-05-20,19.321743456507026,19.21449279785156,19.50819566674848,19.10724056561365,13200
2022-05-23,19.22026798197734,19.275543212890625,19.3464944722253,19.20624264155174,20200
2022-05-24,19.2714196200434,19.22274398803711,19.52469876208705,19.22274398803711,10300
2022-05-25,19.47024434495874,19.38774299621582,19.59399558128195,19.32999252417048,16900
2022-05-26,19.470248143050675,19.701250076293945,19.701250076293945,19.398472317566853,43800
2022-05-27,19.70125057356381,20.16325759887696,20.2540076862634,19.70125057356381,41600
2022-05-31,20.245757934554643,20.394258499145508,20.625262000035647,19.915752483687985,60000
2022-06-01,20.2457546944564,20.27050399780273,20.399205725383688,20.204503232908586,20400
2022-06-02,20.2127543083012,20.295255661010746,20.344755843203504,20.17150441873763,24100
2022-06-03,20.221002931561635,20.353004455566406,20.46025510372692,20.20945283755077,29600
2022-06-06,20.37775701372029,20.295255661010746,20.427257195913057,20.295255661010746,30100
2022-06-07,20.29525499216804,20.34475517272949,20.48500699563892,20.29525499216804,18200
2022-06-08,20.34640485144085,20.353004455566406,20.391779096781885,20.26225281771977,19500
2022-06-09,20.212755204661093,20.12200355529785,20.41323276105199,20.04775249192474,21200
2022-06-10,20.04775068175051,19.88274955749512,20.04775068175051,19.61462056690437,27700
2022-06-13,19.71775080817572,19.416622161865234,19.77550129190887,19.28049624643461,35900
2022-06-14,19.453747494135943,19.22274398803711,19.7623018738056,19.01649136338614,30200
2022-06-15,19.181492076651207,19.239242553710938,19.512320483914444,19.016489364838417,29200
2022-06-16,19.18149184122432,18.372982025146484,19.18149184122432,18.22447990105413,78300
2022-06-17,18.306980244818075,18.29047966003418,18.66998366856948,18.21622860208904,36600
2022-06-21,18.39773033611517,18.60398292541504,18.61718370797452,18.315230559261128,84300
2022-06-22,18.620484521310843,18.686485290527344,18.79456208120345,18.455483385060816,120800
2022-06-23,18.711236950130257,18.80198860168457,18.87623809326784,18.702986656936,22200
2022-06-24,18.86798948752004,18.78548812866211,18.929039769226943,18.5709852250645,29300
2022-06-27,18.85148980072962,18.793739318847656,19.13199349008426,18.62873659325695,60800
2022-06-28,18.96698749128026,18.892736434936523,18.96698749128026,18.73598403003504,54100
2022-06-29,18.892735413923376,18.81023406982422,19.04948781035355,18.75248360102949,82600
2022-06-30,18.800144329105024,18.859025955200195,19.170259470222643,18.800144329105024,57300
2022-07-01,19.14502111731484,19.178667068481445,19.178667068481445,18.968374659377904,162400
2022-07-05,19.14502431159804,19.12820053100586,19.153436201894124,18.934731867407905,37800
2022-07-06,19.102963510610216,18.93473052978516,19.153434848821256,18.84220134746883,32800
2022-07-07,18.9431429021468,18.926319122314453,18.96837696749135,18.86743749730521,24700
2022-07-08,18.917907232398285,18.926319122314453,19.0104364170722,18.917907232398285,19700
2022-07-11,18.92631815828046,18.94314193725586,19.02725922772899,18.90108248981736,22000
2022-07-12,19.01043701171875,19.01043701171875,19.153435935958736,18.943143494688403,17300
2022-07-13,18.993610765160188,19.23755073547364,19.23755073547364,18.88425941583596,25000
2022-07-14,19.18707895737404,19.178667068481445,19.30484379746657,19.153433006207425,16700
2022-07-15,19.30484751995872,19.397375106811523,19.4646686265245,19.17867076664333,15400
2022-07-18,19.28802122576377,19.34690284729004,19.50672553743552,19.2711974469266,26000
2022-07-19,19.515137426854103,19.34690284729004,19.55719526954319,19.30484500460095,25700
2022-07-20,19.437748989656523,19.809545516967773,19.809545516967773,19.437748989656523,38800
2022-07-21,19.74225210248079,19.93572235107422,19.944132636122585,19.66318226691452,16300
2022-07-22,19.96516434233088,19.792724609375,20.019839220397017,19.78431271942545,14800
2022-07-25,19.85160860806404,19.98198890686035,20.092182592649,19.85160860806404,13600
2022-07-26,19.91048608165409,19.85160446166992,20.171248229185625,19.834780683273355,28500
2022-07-27,20.17124863077919,20.06189727783203,20.188072409510703,19.85665231139985,46800
2022-07-28,20.18807411193848,20.18807411193848,20.208262327237964,20.103956815591268,52000
2022-07-29,20.196484507677617,20.364717483520508,20.3983650413314,20.11236721755424,77800
2022-08-01,20.263777260842144,20.2553653717041,20.3983642782432,20.23012970428998,26800
2022-08-02,20.188073188608264,20.48248291015625,20.50771697482351,20.068626922050992,36900
2022-08-03,20.415186202933405,20.56659698486328,20.56659698486328,20.38322166887257,20800
2022-08-04,20.524539808582187,20.46565818786621,20.524539808582187,20.27218954711262,30100
2022-08-05,20.31424973799957,20.490896224975582,20.490896224975582,20.31424973799957,13900
2022-08-08,20.474071189795698,20.421077728271484,20.474071189795698,20.230131199968643,27100
2022-08-09,20.43201389409433,20.31424903869629,20.43621903688528,20.28901497314268,20500
2022-08-10,20.41518797600665,20.47406959533692,20.52453932556232,20.398364197796912,22800
2022-08-11,20.47406961455652,20.44042205810547,20.5245393448293,20.39836421694545,25200
2022-08-12,20.415188436555177,20.499305725097656,20.530427950643578,20.415188436555177,7600
2022-08-15,20.482481087158085,20.72641944885254,20.72641944885254,20.482481087158085,27500
2022-08-16,20.671745498522743,20.776891708374023,20.79371388260331,20.583421462900755,27200
2022-08-17,20.76006647567222,20.65744400024414,20.76006647567222,20.591831909932065,14900
2022-08-18,20.60865845435018,20.65912818908692,20.714645378618503,20.591834674636623,12700
2022-08-19,20.549774651416264,20.54136276245117,20.58762734955729,20.45724547720402,10000
2022-08-22,20.457245836331,20.44042205810547,20.47406961455652,20.314246930221618,16600
2022-08-23,20.35630918937673,20.490896224975582,20.52454218167329,20.289015671577307,23500
2022-08-24,20.389951687769244,20.423599243164062,20.566598144784543,20.31424629253465,23600
2022-08-25,20.587628176151497,20.46565818786621,20.642304654417977,20.432012235058725,16200
2022-08-26,20.549774651416264,20.54136276245117,20.61706815873324,20.44042169927384,18700
2022-08-29,20.490895528181888,20.6254825592041,20.726422030268782,20.490895528181888,25400
2022-08-30,20.74324517688948,20.661651611328125,20.74324517688948,20.54977652625276,22600
2022-08-31,20.650715564148896,20.516128540039062,20.67595123282095,20.423600963715977,60100
2022-09-01,20.432015103709784,20.44883728027344,20.526225710082496,20.2721923933246,45100
2022-09-02,20.575009075102084,20.44042205810547,20.65912636182592,20.37312854960716,13800
2022-09-06,20.44042251995772,20.46565818786621,20.57500953999533,20.32265927852577,49400
2022-09-07,20.86100861110405,20.91147994995117,21.180654006186742,20.84418643589228,537300
2022-09-08,20.861007347561,20.928300857543945,20.945124636140644,20.793713837578043,152700
2022-09-09,20.91989342025656,20.945127487182617,20.978775048956106,20.81895233934016,49600
2022-09-12,20.90306940077565,20.793716430664062,20.944286540394863,20.701188845651224,80900
2022-09-13,20.70118871424869,20.734834671020508,20.802128188968165,20.62548330600708,43900
2022-09-14,20.734834671020508,20.734834671020508,20.818951969556085,20.67595304336681,42400
2022-09-15,20.743246561314468,20.734834671020508,20.85259953073193,20.650717372484934,55800
2022-09-16,20.74324405190341,20.65071487426757,20.861007292964413,20.625480810842408,37300
2022-09-19,20.625480929404635,20.74324417114257,20.82736145998561,20.625480929404635,50600
2022-09-20,20.70959856188539,20.67595100402832,20.77689207319566,20.659127225099787,24000
2022-09-21,20.692773355861384,20.667537689208984,20.844184146968285,20.658285092757563,11700
2022-09-22,20.67595146483384,20.701187133789062,20.701187133789062,20.63389362097902,27700
2022-09-23,20.68436707218444,20.442110061645508,20.701190854511744,20.230134575772368,79000
2022-09-26,20.51612818346584,19.809545516967773,20.56659951993274,19.56560714165984,53500
2022-09-27,19.8347821070829,19.86001777648925,20.179661566950102,19.569813193729928,101800
2022-09-28,19.78431290601464,20.09554481506348,20.161156915527183,19.78431290601464,47600
2022-09-29,19.93959425713449,19.96529960632324,20.13667622796828,19.90531827905805,103200
2022-09-30,19.96529960632324,19.96529960632324,20.11096924441095,19.81962996823553,136000
2022-10-03,20.13667349506636,20.21379280090332,20.30805009345257,20.00814186346089,84700
2022-10-04,20.26520873569947,20.282346725463867,20.81361296757954,20.136677081203818,55700
2022-10-05,20.179515442795594,20.31661605834961,20.41944233719925,20.145241106091216,34200
2022-10-06,20.342324494800824,20.30805015563965,20.342324494800824,20.11867916093615,21000
2022-10-07,20.145245020858496,20.00814437866211,20.2746330777543,19.879612730899066,51700
2022-10-10,19.99100264733565,19.72537040710449,19.99100264733565,19.588269790574326,73900
2022-10-11,19.72537344507659,19.622547149658203,19.853905088573185,19.468308523714885,172500
2022-10-12,19.665389438246635,19.091279983520508,19.665389438246635,18.962746723186005,109900
2022-10-13,18.92847498331451,19.12555694580078,19.39118922716787,18.74167483319452,129700
2022-10-14,19.125556174555182,18.99702453613281,19.27979479440941,18.80851157540457,98300
2022-10-17,19.159832922425448,19.12555694580078,19.28836456603091,18.90276800084601,77900
2022-10-18,19.065574297410528,19.296932220458984,19.296932220458984,19.065574297410528,85900
2022-10-19,19.24551985894608,19.151264190673828,19.27551215608788,18.979887573939383,37700
2022-10-20,19.14269634665585,19.02273368835449,19.19410868101805,18.93704537483839,77300
2022-10-21,18.90276606123691,19.005592346191406,19.091280644592096,18.791372417373864,183500
2022-10-24,19.12555791783235,19.18553924560547,19.51972349720637,18.89419996696294,156000
2022-10-25,19.194107699588084,19.605409622192383,19.68252893697676,19.194107699588084,118300
2022-10-26,19.613979757688497,20.0681266784668,20.128108008040247,19.579705412661664,92800
2022-10-27,19.9824360998362,20.32518768310547,20.46228831641318,19.9824360998362,81200
2022-10-28,20.260924370057825,20.393739700317383,20.393739700317383,20.248070060985032,47000
2022-10-31,20.42372814910051,20.222362518310547,20.470856797062552,20.222362518310547,58400
2022-11-01,20.44515150040964,20.34232521057129,20.44515150040964,20.24806791441684,24100
2022-11-02,20.282344655179006,20.47085762023925,20.56083124013411,20.282344655179006,32800
2022-11-03,20.35089328561165,20.37660026550293,20.462286929737136,20.290911966900367,34300
2022-11-04,20.41944246738693,20.53083610534668,20.616524399206323,20.30804882942718,43000
2022-11-07,20.479425227112483,20.547975540161133,20.57282611141032,20.402305920636703,26800
2022-11-08,20.47085635492472,20.73649024963379,20.80075524916529,20.46228736144684,35100
2022-11-09,20.7407759438182,20.479427337646484,20.79218827531096,20.455434807325293,37700
2022-11-10,20.65080200101485,20.85645294189453,20.8650219353939,20.565113700389546,48300
2022-11-11,20.91129610309884,20.83074951171875,20.96013921093306,20.82218051675891,19200
2022-11-14,20.8307471988315,20.942142486572266,20.97641682823739,20.71078455145082,42300
2022-11-15,20.89072867616418,20.779335021972656,21.113517618915736,20.75362803975838,36800
2022-11-16,21.070671876196435,20.82217597961425,21.12208420038408,20.78790164161193,19900
2022-11-17,20.753628458686183,20.642234802246094,20.779335441419377,20.56768635012523,20600
2022-11-18,20.73649257956966,20.59939193725586,20.824750117008417,20.58225394837449,31700
2022-11-21,20.73306179543626,20.745058059692383,20.937856331214668,20.6508023981236,24100
2022-11-22,20.83503107244315,20.92500305175781,20.92500305175781,20.76905162094573,37900
2022-11-23,20.84017110773369,20.80504035949707,21.01069129784856,20.80504035949707,21200
2022-11-25,20.82217789671483,20.79647254943848,20.93785686256384,20.79647254943848,6700
2022-11-28,20.92500511673933,20.76219749450684,20.92500511673933,20.69364717478292,29800
2022-11-29,20.89072995273417,20.984987258911133,20.984987258911133,20.78790528633076,42000
2022-11-30,20.899296184912203,21.139223098754883,21.14779209221731,20.85645285196848,41800
2022-12-01,21.036399168780164,21.12208747863769,21.293464098352764,21.036399168780164,25800
2022-12-02,21.079245109383898,21.182069778442383,21.34487741121508,21.079245109383898,42600
2022-12-05,21.21634115150325,21.05353355407715,21.353441770061576,21.05353355407715,16700
2022-12-06,21.11608795593718,21.19920539855957,21.23348137399368,20.96784746748476,45600
2022-12-07,21.13065585599268,21.302032470703125,21.302032470703125,21.077529072745072,30000
2022-12-08,21.30203003275849,21.2506160736084,21.336304371156885,21.164929410428247,27300
2022-12-09,21.156362785430066,21.2077751159668,21.26775644065441,21.13922479712832,23300
2022-12-12,21.147793791279188,21.2077751159668,21.25061845235265,21.09466700816488,12600
2022-12-13,21.336308237179,21.27204322814941,21.336308237179,21.22748543610004,16000
2022-12-14,21.29346372755538,21.353445053100582,21.36201404737398,21.250618756188416,24100
2022-12-15,21.31916902376248,21.25918769836425,21.37058298927684,21.22491335572322,20700
2022-12-16,21.242049965560213,21.31060028076172,21.421993930076,21.23348097186397,52300
2022-12-19,21.319167737532496,21.550525665283203,21.61907598079803,21.319167737532496,28000
2022-12-20,21.50768259380372,21.57623291015625,21.64478322650878,21.47769193254752,37500
2022-12-21,21.576233415199752,21.67905807495117,21.76474638098969,21.576233415199752,58200
2022-12-22,21.72190232947647,21.64478302001953,21.747607676383154,21.60193805122765,36000
2022-12-23,21.61907676124776,21.65335273742676,21.66192173147151,21.49054511931352,42200
2022-12-27,21.62764595333432,21.61050796508789,21.63621494745753,21.51625229846956,25100
2022-12-28,21.59337110514841,21.50768280029297,21.610507458624724,21.4819758185258,46200
2022-12-29,21.86196477406566,21.61642265319824,21.86196477406566,21.53749845979868,39400
2022-12-30,21.65150027986277,22.16012191772461,22.247815649621923,21.52872838615901,148500
2023-01-03,22.089967304118183,21.923349380493164,22.125043793365187,21.79180961873397,69700
2023-01-04,22.011041744617888,22.054887771606445,22.09873547121372,21.933870462356573,28400
2023-01-05,22.046119500361744,21.87950325012207,22.046119500361744,21.75585490451836,37400
2023-01-06,22.0110431125389,21.923349380493164,22.07242822318527,21.91457984002671,41000
2023-01-09,21.96719529700167,21.95842742919922,21.97596483742293,21.88827110582912,35800
2023-01-10,21.92334902196578,22.03734970092773,22.08119740254294,21.917210511001528,102000
2023-01-11,22.05488812674907,21.940887451171875,22.09873582706241,21.940887451171875,86900
2023-01-12,21.97596247504276,22.028579711914062,22.098734355123845,21.97596247504276,36700
2023-01-13,22.06365911980623,22.011043548583984,22.06365911980623,21.95842797736174,32500
2023-01-17,22.08119673804424,22.019811630249023,22.1075036856029,21.94965698239468,18800
2023-01-18,22.019811284539344,22.054887771606445,22.08733490205396,21.984733124853523,17200
2023-01-19,22.043488110286912,21.99350357055664,22.04611913963357,21.96719494970878,17400
2023-01-20,21.99350221675457,22.046117782592773,22.05488732233559,21.96719359752613,17400
2023-01-23,22.01981083598301,22.046117782592773,22.046117782592773,21.975963137268945,11000
2023-01-24,22.01981275390409,21.96719551086425,22.02507314011301,21.96719551086425,14100
2023-01-25,21.9759639388038,21.940887451171875,22.01981163911714,21.93211791110921,17200
2023-01-26,22.01104209018989,22.019811630249023,22.098735818162503,21.958426522453813,24200
2023-01-27,22.00665648385095,22.019811630249023,22.019811630249023,21.96719438989421,7200
2023-01-30,21.99350403160599,21.923349380493164,21.99350403160599,21.879503350779707,26600
2023-01-31,21.967195930461155,22.133813858032227,22.133813858032227,21.92334989970928,41000
2023-02-01,22.01104063295696,22.028579711914062,22.081195276166746,21.9715785416128,12700
2023-02-02,21.923349343387507,22.16012191772461,22.16012191772461,21.923349343387507,29900
2023-02-03,22.0636573115279,22.054887771606445,22.125042418359367,22.037348691763537,14400
2023-02-06,22.03734970092773,22.03734970092773,22.057519810932607,21.93211856228882,12100
2023-02-07,21.984733124853523,22.054887771606445,22.125042418359367,21.96719404501061,16900
2023-02-08,22.09873728236696,22.011043548583984,22.09873728236696,21.97596538602325,14100
2023-02-09,21.984733014402448,22.0899658203125,22.09873536018989,21.984733014402448,10300
2023-02-10,22.06365764034414,22.17765998840332,22.230275556097467,22.06365764034414,38500
2023-02-13,22.230276556355022,22.23904609680176,22.274122585969884,21.98473444170287,17700
2023-02-14,22.17766054953303,22.151351928710938,22.265352607035776,22.09873635968553,13800
2023-02-15,22.212735121404734,22.230274200439453,22.239043739956813,22.09873445291634,22800
2023-02-16,22.27412022540761,22.230274200439453,22.27412022540761,22.168889096436576,7400
2023-02-17,22.168890559986192,22.142581939697266,22.27412169590439,22.09873591183448,18800
2023-02-21,22.09873580932617,22.09873580932617,22.14521286626414,22.02858116149988,16700
2023-02-22,22.186427967560057,22.142581939697266,22.20396704775268,22.08119683164185,19400
2023-02-23,22.1794140165252,22.125043869018555,22.27412271222041,22.111013942319307,25500
2023-02-24,22.125043869018555,22.125043869018555,22.25483072669953,22.11627432852212,37900
2023-02-27,22.25658315753958,22.27412223815918,22.353046428328582,22.19081411414427,25700
2023-02-28,22.353045519115177,22.335506439208984,22.46704786588672,22.221505765056165,73500
2023-03-01,22.24781466985362,22.357431411743164,22.39601538088849,22.24781466985362,4100
2023-03-02,22.317970376461744,22.36181640625,22.36181640625,22.21273756330358,18600
2023-03-03,22.361816493715864,22.48458671569824,22.48458671569824,22.26535322066181,19700
2023-03-06,22.528434767587186,22.44951057434082,22.528434767587186,22.381108826305173,22600
2023-03-07,22.414432874990204,22.379356384277344,22.44951103832196,22.361817302611467,21600
2023-03-08,22.405662871082367,22.44951057434082,22.51966522693549,22.27412310654471,22000
2023-03-09,22.40653957695427,22.142581939697266,22.44950915259305,22.037349131160315,31600
2023-03-10,22.037350469921314,22.16889190673828,22.304815604941503,21.975965358136783,50700
2023-03-13,21.835657137635728,21.756732940673828,22.11627576122517,21.344574546354195,93400
2023-03-14,22.08996825533416,21.704116821289062,22.12504474609159,21.61203915135455,44400
2023-03-15,21.607653980244685,21.2744197845459,21.695347717834554,21.1253409324288,41100
2023-03-16,21.23057118512604,21.853195190429688,22.05488960755697,21.23057118512604,44700
2023-03-17,21.783039676330795,21.5988826751709,21.94965759688141,21.32264968235924,41100
2023-03-20,21.607653012721123,21.57257652282715,21.88827162234833,21.484882789163933,39700
2023-03-21,21.64273081347243,21.68657684326172,21.923349418409053,21.57257616223828,29000
2023-03-22,21.826886611390805,21.61642265319824,21.83565615205952,21.581346163142243,33700
2023-03-23,21.616423098304427,21.10780143737793,21.66027080255087,21.02010770150393,103100
2023-03-24,21.04641433660511,20.906105041503903,21.16918455166397,20.74825666636037,99400
2023-03-27,21.046415227952444,21.0025691986084,21.18672452899596,21.0025691986084,53800
2023-03-28,21.12534085213501,21.151649475097656,21.16918688445384,20.958722918609443,51400
2023-03-29,21.151646752042225,21.41472625732422,21.747960408855995,21.151646752042225,32300
2023-03-30,21.63158455920002,21.532604217529297,21.694571425258346,21.370637009800248,62700
2023-03-31,21.58659020731864,21.16367721557617,21.76745345385721,21.16367721557617,167800
2023-04-03,21.487610485728965,21.60458755493164,21.81154487273548,21.325645008488937,41200
2023-04-04,21.64957948975464,21.56859588623047,21.676574596350484,21.429125459477024,48500
2023-04-05,21.604589180392274,21.616287231445312,21.74766032650192,21.532603946337467,53300
2023-04-06,21.62258801526845,21.64058303833008,21.730565018692285,21.569498835643746,26000
2023-04-10,21.721563427581184,21.685571670532227,21.73056179590924,21.514606104825685,60100
2023-04-11,21.6900714022664,21.67657470703125,21.74855994205769,21.6585779692088,43900
2023-04-12,21.74855762838941,21.70356750488281,21.89252808312634,21.61358554160643,36700
2023-04-13,21.874532285470508,21.82954216003418,21.96631461277973,21.75755692957809,26200
2023-04-14,21.883530682283126,21.973512649536133,22.045497880085883,21.820543820085003,41000
2023-04-17,22.03649850303133,21.95551490783692,22.090486994406547,21.928521520280903,37300
2023-04-18,21.95551573602956,21.97171211242676,22.02750096599963,21.93391999541221,19900
2023-04-19,22.00050674753559,21.95551490783692,22.06349360685054,21.910524784401435,31800
2023-04-20,21.91052678863308,21.99151039123535,22.12648249015135,21.91052678863308,47600
2023-04-21,22.04549939991999,22.072494506835938,22.12648300440444,22.04549939991999,21300
2023-04-24,22.135478973388672,22.135478973388672,22.2776490686994,22.135478973388672,41800
2023-04-25,22.16247467288358,22.10848617553711,22.297448490644832,22.081492784995568,37300
2023-04-26,22.189468355479352,22.04549789428711,22.27945032279032,22.04549789428711,29300
2023-04-27,22.1714707461266,22.20746421813965,22.234457605886224,22.090487150360456,35400
2023-04-28,22.29114902041407,22.306446075439453,22.34243783365075,22.2065664149147,64100
2023-05-01,22.369434326279865,22.081493377685547,22.369434326279865,22.06349663933254,33000
2023-05-02,22.09048952851651,22.072494506835938,22.24345836851343,22.036501030948006,119200
2023-05-03,22.088690784081056,22.036500930786133,22.225463245812097,22.036500930786133,61600
2023-05-04,22.02750153173297,21.87453269958496,22.16247362686043,21.65857700412836,58600
2023-05-05,21.973511781980687,22.135478973388672,22.153475709381382,21.973511781980687,33500
2023-05-08,22.09948731582069,22.17147254943848,22.17147254943848,21.95551684858512,20800
2023-05-09,22.135481291857253,22.18047142028809,22.18047142028809,22.00950584297682,14800
2023-05-10,22.180470529876825,22.27045249938965,22.2875481983028,22.10848529751923,64100
2023-05-11,22.21646388977652,22.162473678588867,22.27045238470085,22.063495057271467,42100
2023-05-12,22.12648239965968,22.027502059936523,22.18047089575261,21.9735135638436,54400
2023-05-15,22.027503472328863,22.090490341186523,22.13638150975288,22.027503472328863,21100
2023-05-16,21.991507622923304,22.15347480773925,22.234456683884098,21.95551415240281,47100
2023-05-17,22.20746420109631,22.135478973388672,22.260553370890563,22.080589443489867,62300
2023-05-18,22.22546000708621,22.40542221069336,22.40542221069336,22.12018099382368,82600
2023-05-19,22.23445874320359,22.355934143066406,22.39642594302068,22.23445874320359,61200
2023-05-22,22.37842882409701,22.40542221069336,22.441415681172668,22.3424353536177,73100
2023-05-23,22.42342136975845,22.48640823364257,22.58088852946877,22.39642626398097,48200
2023-05-24,22.477409889432863,22.63037872314453,22.6753705661558,22.46841152083061,52400
2023-05-25,22.58538907616283,22.495407104492188,22.58538907616283,22.090489090105983,107900
2023-05-26,22.54039862841616,22.34243965148925,22.54039862841616,22.198469174403613,49200
2023-05-30,22.41442348022056,22.351436614990234,22.58538905460525,22.248857270359416,264900
2023-05-31,22.414422514116048,22.549394607543945,22.563792340231743,22.36943238839451,118600
2023-06-01,22.49540524697709,22.711360931396484,22.774347791485905,22.42342001883729,30400
2023-06-02,22.783348194312016,22.891326904296875,22.990305529164345,22.549395752897627,37500
2023-06-05,22.891326863049265,22.60338592529297,22.92731862213712,22.54039734342833,34500
2023-06-06,22.60338356844759,22.810340881347656,22.810340881347656,22.60338356844759,32900
2023-06-07,22.747355409992675,22.729358673095703,22.85533239884791,22.693365199301763,22400
2023-06-08,22.74735632451845,22.783348083496094,22.8013448211166,22.70236448046719,17500
2023-06-09,22.70236209672836,22.846332550048828,22.846332550048828,22.684365360997504,11700
2023-06-12,22.83733527507966,22.828338623046875,22.936315610072946,22.76535004497452,32400
2023-06-13,22.87242836773349,22.99030303955078,23.017298143189542,22.87242836773349,25500
2023-06-14,22.954314669179,22.801345825195312,22.954314669179,22.738358957013222,51800
2023-06-15,22.900324267974803,22.873329162597656,22.999302888497752,22.783347194270466,10600
2023-06-16,22.8193401963067,23.00830078125,23.017299149523005,22.810341828033696,59200
2023-06-20,22.945315321076706,22.999303817749023,23.00830218657164,22.945315321076706,30000
2023-06-21,22.963310670903283,23.080286026000977,23.11537846090396,22.963310670903283,25500
2023-06-22,22.9903036458657,23.035295486450195,23.035295486450195,22.9903036458657,10000
2023-06-23,22.99030303955078,22.99030303955078,23.02539718916013,22.945312916416025,52200
2023-06-26,23.04429385456709,23.035295486450195,23.053292222684,22.97590762988925,20100
2023-06-27,23.035294480198623,23.017297744750977,23.07128623483076,22.98580431584917,12700
2023-06-28,23.08028608504416,22.90032386779785,23.08028608504416,22.88232713119424,32300
2023-06-29,23.221639907889195,23.00004196166992,23.350906697345053,22.94464291539109,37300
2023-06-30,23.07667757285747,23.5725040435791,23.62790308844788,23.07667757285747,80800
2023-07-03,23.415540605507463,23.498640060424805,23.498640060424805,23.313974213696486,17800
2023-07-05,23.489404775599063,23.42477226257324,23.55403728862489,23.32412869705826,53000
2023-07-06,23.36013802983973,23.286272048950195,23.36013802983973,23.175473958167835,11800
2023-07-07,23.19394283674089,23.350908279418945,23.38784039240576,23.19394283674089,13900
2023-07-10,23.313974074890933,23.507871627807617,23.544805501375,23.203174215292808,18600
2023-07-11,23.443239129112907,23.53557205200196,23.53557205200196,23.443239129112907,14700
2023-07-12,23.58173758004656,23.47093772888184,23.585430614901405,23.25857325534533,28300
2023-07-13,23.45247271819071,23.498640060424805,23.498640060424805,23.45247271819071,19500
2023-07-14,23.411847570349543,23.498640060424805,23.59004840417146,23.36013979482655,7400
2023-07-17,23.61867149377272,23.517105102539062,23.61867149377272,23.212407689942115,25200
2023-07-18,23.44785474049178,23.59096908569336,23.59096908569336,23.44785474049178,15800
2023-07-19,23.58173863956723,23.52910804748535,23.609437282774987,23.51710436283988,12600
2023-07-20,23.461705970922143,23.609437942504883,23.609437942504883,23.461705970922143,21200
2023-07-21,23.563270568847656,23.563270568847656,23.637136549018493,23.48017112101748,9500
2023-07-24,23.646370009578003,23.55403709411621,23.65560347723457,23.49863804928069,24000
2023-07-25,23.54480361938477,23.54480361938477,23.627903067165025,23.349058683994443,8200
2023-07-26,23.535570241601302,23.47093772888184,23.62790315738793,23.36013787771711,19500
2023-07-27,23.434003796776377,23.581737518310547,23.627903095531053,23.434003796776377,12800
2023-07-28,23.572504050645662,23.581737518310547,23.581737518310547,23.51156457294058,18100
2023-07-31,23.655603291158744,23.692535400390625,23.692535400390625,23.563270376423244,45700
2023-08-01,23.61867144266469,23.65560531616211,23.6740704918068,23.57250586189694,12100
2023-08-02,23.609435960358724,23.70176887512207,23.70176887512207,23.47093746876564,20900
2023-08-03,23.58173929852313,23.609437942504883,23.646371815952577,23.544805425075435,29400
2023-08-04,23.60943793613287,23.60020446777344,23.637138341211163,23.57712167742687,29800
2023-08-07,23.60020285913126,23.4155387878418,23.60020285913126,23.4155387878418,10800
2023-08-08,23.60020468481748,23.48940658569336,23.63713855859488,23.48017311724901,8200
2023-08-09,23.489404775599063,23.42477226257324,23.67406884694373,23.42477226257324,26200
2023-08-10,23.535572238085862,23.37860679626465,23.544805706558176,23.37860679626465,5800
2023-08-11,23.4155387878418,23.4155387878418,23.618669794591376,23.4155387878418,8100
2023-08-14,23.36013798146145,23.4155387878418,23.60020285913126,23.295505468454945,30900
2023-08-15,23.470937550195355,23.61866950988769,23.65560338036272,23.470937550195355,25000
2023-08-16,23.572506046895327,23.498640060424805,23.69253761449591,23.498640060424805,26300
2023-08-17,23.50786957800866,23.70176887512207,23.70176887512207,23.4524705335922,47100
2023-08-18,23.588202260896924,23.821802139282227,23.821802139282227,23.588202260896924,13400
2023-08-21,23.81256873940393,23.72023582458496,23.81256873940393,23.72023582458496,12200
2023-08-22,23.78487016699088,23.81257057189941,23.81257057189941,23.70177071336928,13200
2023-08-23,23.794101789885413,23.70176887512207,23.842114764674044,23.664835004775185,15900
2023-08-24,23.720236044660897,23.43400382995605,23.720236044660897,23.427540578691875,61800
2023-08-25,23.53557032498792,23.38783836364746,23.609436305658143,23.31397238297724,51800
2023-08-28,23.47740277343705,23.517105102539062,23.57250591290507,23.387840067226424,44400
2023-08-29,23.49863788568176,23.72023582458496,23.78486833662708,23.470937482904908,24100
2023-08-30,23.720237699887736,23.674070358276367,23.72947116821001,23.51710491900572,29000
2023-08-31,23.73870271194908,23.858736038208008,23.867969506466693,23.600204210276765,91100
2023-09-01,23.82180216517326,23.858736038208008,23.858736038208008,23.74793618020776,7800
2023-09-05,23.7664031917986,23.757169723510746,23.84673242868852,23.74793625522289,5600
2023-09-06,23.79871944379672,23.747936248779297,23.820879415460748,23.747936248779297,9200
2023-09-07,23.7479362937795,23.81257057189941,23.821802279098254,23.7479362937795,6900
2023-09-08,23.812570559032235,23.794103622436523,23.821802266226086,23.72947110545553,25400
2023-09-11,23.7479362937795,23.81257057189941,23.821802279098254,23.7479362937795,8100
2023-09-12,23.78486833662708,23.72023582458496,23.81256873940393,23.678686100971618,13200
2023-09-13,23.72023572141612,23.775634765625,23.821800342281755,23.72023572141612,9700
2023-09-14,23.79871745813115,23.840267181396484,23.86796758394132,23.72946909342484,15700
2023-09-15,23.79410352795392,23.867969512939453,23.867969512939453,23.74793618664797,27900
2023-09-18,23.904901624880218,23.867969512939453,23.904901624880218,23.78487005969273,12200
2023-09-19,23.88643451897121,23.840267181396484,23.895666225382307,23.81718439316105,8100
2023-09-20,23.803335706357977,23.980613708496094,23.98799977826321,23.803335706357977,19800
2023-09-21,23.978765671912967,23.840267181396484,24.172664967519133,23.840267181396484,65800
2023-09-22,23.95106739167873,23.8688907623291,23.978766033537443,23.8688907623291,6500
2023-09-25,23.84488669045585,23.821802139282227,23.95568478723168,23.794103495640265,13500
2023-09-26,23.97876550223457,23.99723243713379,24.0064659045834,23.81349118986695,34800
2023-09-27,23.99723242984915,23.987998962402344,24.024932832189567,23.886434342695164,24700
2023-09-28,24.01453557752677,24.20407485961914,24.25145877635196,23.94819737106861,44400
2023-09-29,24.213551353572218,24.308320999145508,24.308320999145508,24.14721314394511,51800
2023-10-02,24.199336032448908,24.099828720092773,24.199336032448908,23.976627641154188,27300
2023-10-03,24.05244153387113,23.87238121032715,24.05244153387113,23.76813442795289,33600
2023-10-04,23.891334659082432,23.85342788696289,23.9444070321787,23.80604396991832,23200
2023-10-05,23.843951115379937,23.81362533569336,23.89133503316643,23.76813576237319,22700
2023-10-06,23.72075147317364,23.85342788696289,23.97662715582711,23.69232003839856,32600
2023-10-09,23.85342788696289,23.85342788696289,24.128257859466416,23.810781638590548,35600
2023-10-10,23.84395076769141,23.815519332885746,23.94819755439831,23.80035734705384,41200
2023-10-11,23.84395183608884,23.79656791687012,23.929244336747065,23.71127541621189,21100
2023-10-12,23.79656791687012,23.79656791687012,23.967152918186567,23.68284398013227,21200
2023-10-13,23.815518941043987,23.56912040710449,23.815518941043987,23.39853541623827,35100
2023-10-16,23.72075177544315,23.70179748535156,23.794670976187508,23.58428305588044,28200
2023-10-17,23.692320683917696,23.749181747436523,23.749181747436523,23.635459620398866,33100
2023-10-18,23.616505207783,23.73781013488769,23.81078216408224,23.616505207783,25100
2023-10-19,23.768135398517902,23.578596115112305,23.768135398517902,23.5596436328362,10900
2023-10-20,23.644936146793423,23.815519332885746,23.84395076769141,23.540689360086528,31400
2023-10-23,23.8249969419828,23.70653533935547,23.8249969419828,23.51225838334987,14700
2023-10-24,23.502781363516245,23.66862869262696,23.73970457003387,23.43739213472768,37100
2023-10-25,23.61650467731516,23.341672897338867,23.61650467731516,23.308503793904563,34400
2023-10-26,23.294288463210894,23.133180618286133,23.389058102739668,23.07631955760108,34200
2023-10-27,23.06684299940169,22.59299659729004,23.06684299940169,22.479272665447787,133400
2023-10-30,22.50770459518828,22.564565658569336,22.74462780145341,22.43188924148665,47100
2023-10-31,22.56456565510064,23.07632064819336,23.123704566406857,22.52665888204596,107100
2023-11-01,23.076321463428418,23.370105743408203,23.40801432538272,23.00998325255369,31600
2023-11-02,23.436443929778303,23.64493751525879,23.84395214767488,23.436443929778303,47900
2023-11-03,23.73970413208008,23.73970413208008,23.73970413208008,23.588073427312555,33400
2023-11-06,23.692320214682947,23.73970413208008,23.74918127707562,23.60702771730364,30800
2023-11-07,23.73022795337538,23.72075080871582,23.73022795337538,23.55206016438844,15500
2023-11-08,23.79656822783696,23.64493751525879,23.79656822783696,23.569122158969705,13800
2023-11-09,23.68284270587901,23.45539665222168,23.68284270587901,23.398535590702483,20100
2023-11-10,23.569120109323944,23.72075080871582,23.72075080871582,23.540688675345272,13800
2023-11-13,23.692320214682947,23.73970413208008,23.74160028411142,23.67336592469186,22600
2023-11-14,23.815518343079106,23.87238121032715,23.87238121032715,23.69231907920267,60600
2023-11-15,23.77761362615037,23.79656791687012,23.8629061268086,23.692321125492143,59300
2023-11-16,23.701797225708948,24.05244255065918,24.09035113042708,23.701797225708948,88400
2023-11-17,24.08087379045094,23.929243087768555,24.08087379045094,23.86290488129258,25600
2023-11-20,23.88185839247869,23.928295135498047,23.99652768417436,23.85342695880989,48900
2023-11-21,24.0050584646143,23.891334533691406,24.0050584646143,23.7662391134665,23300
2023-11-22,23.824995487620445,23.87238121032715,23.96715084816006,23.749180138870216,31700
2023-11-24,23.87238361544353,23.84395217895508,23.886598429897425,23.74918253157423,15500
2023-11-27,23.843951053069613,23.82025909423828,23.89133497073228,23.76813570026099,46000
2023-11-28,23.80604347543872,23.8818588256836,23.89133416283124,23.76813489652601,53100
2023-11-29,23.843951238486884,23.824996948242188,23.91028944676272,23.796567320455747,42900
2023-11-30,23.796566693412423,24.166166305541992,24.166166305541992,23.79088004497273,101500
2023-12-01,24.07139775424239,24.10930633544922,24.166167399678827,23.88186027095016,24000
2023-12-04,24.16616787065704,24.118783950805664,24.16616787065704,23.85342929992823,62400
2023-12-05,24.005059382326408,23.948198318481445,24.00979705115489,23.83447438321089,68700
2023-12-06,23.910289764404297,23.910289764404297,23.9671526358938,23.86290584574368,51200
2023-12-07,23.881857883679416,23.862903594970703,23.92924179787074,23.853426450616347,55100
2023-12-08,23.85342823131923,23.90081214904785,23.929243584233383,23.85342823131923,42300
2023-12-11,23.9292434324255,23.97662734985352,23.98610449485524,23.843950934990605,41000
2023-12-12,23.957674372125823,24.00505828857422,24.0240125781858,23.90176048307806,21500
2023-12-13,24.024012712939548,24.085613250732425,24.147211980944736,23.98610413350376,38300
2023-12-14,24.118783950805664,24.118783950805664,24.24198322696764,24.06192107788721,60800
2023-12-15,24.03349023522097,24.21355056762696,24.21355056762696,24.03349023522097,54900
2023-12-18,24.204075036338185,24.090351104736328,24.204075036338185,24.090351104736328,14200
2023-12-19,24.06192001386326,24.13773536682129,24.204075382292583,24.06192001386326,19300
2023-12-20,24.166166109836663,24.042966842651367,24.223027171031376,24.033489697855494,45500
2023-12-21,24.1851210659555,24.17564392089844,24.30832033653609,24.042967505260787,24100
2023-12-22,24.27041341169937,24.2514591217041,24.28936589411405,24.07139698191024,28800
2023-12-26,24.251459772368044,24.14721298217773,24.284628876959392,24.08087477299504,56500
2023-12-27,24.194598085191988,24.21355056762696,24.232504857642503,24.14721236015311,66400
2023-12-28,24.36743138481274,24.352821350097656,24.433656730982783,24.26224842287096,119700
2023-12-29,24.347952549959206,24.18238639831543,24.39664771201858,24.18238639831543,88200
2024-01-02,24.289518286187874,24.328474044799805,24.425866227731703,24.289518286187874,52100
2024-01-03,24.347952852906463,24.328474044799805,24.41612682367838,24.2992576902412,38700
2024-01-04,24.34795133999431,24.39664649963379,24.39664649963379,24.30899372620171,64200
2024-01-05,24.39664649963379,24.39664649963379,24.42586470997824,24.30899372620171,87500
2024-01-08,24.3479526728677,24.48430061340332,24.49404001738463,24.3479526728677,61900
2024-01-09,24.464823093725528,24.57195281982422,24.57195281982422,24.43560488246153,57200
2024-01-10,24.571951839690623,24.63038825988769,24.640125805652623,24.5135172770948,57000
2024-01-11,24.63038952706226,24.75699806213379,24.75699806213379,24.62065012319501,60700
2024-01-12,24.698563957001795,24.786216735839844,24.786216735839844,24.698563957001795,30900
2024-01-16,24.78621539617082,24.698562622070312,24.794006175948244,24.659605007980627,23900
2024-01-17,24.698563977331823,24.74725914001465,24.78621675624202,24.64012755299077,37600
2024-01-18,24.74628575688938,24.74725914001465,24.76673794812833,24.71804092784412,20400
2024-01-19,24.69856342741311,24.79595375061035,24.805693154450346,24.68882402357312,29200
2024-01-22,24.80569267272949,24.80569267272949,24.80569267272949,24.73751870477481,19100
2024-01-23,24.80569267272949,24.80569267272949,24.80569267272949,24.72777930112396,21400
2024-01-24,24.76673735779044,24.873868942260746,24.873868942260746,24.76186672707742,17500
2024-01-25,24.872893257599483,24.80569267272949,24.9128242552876,24.80569267272949,28900
2024-01-26,24.815431989315755,24.88360595703125,24.88360595703125,24.795953182082386,10500
2024-01-29,24.961519309692747,24.922563552856445,24.961519309692747,24.834910777973143,28300
2024-01-30,24.90308467743793,24.961519241333008,24.980998048498464,24.88360587027248,17100
2024-01-31,24.98099908290491,24.903085708618164,25.000477890876937,24.854390546289466,18600
2024-02-01,24.946911684543945,24.873868942260746,25.039433234476537,24.86412953843605,42100
2024-02-02,24.937172673653595,24.94204330444336,24.94204330444336,24.834911718284985,26000
2024-02-05,24.90308522693967,24.912824630737305,24.972234436622468,24.854390065552835,15100
2024-02-06,24.919641459322563,25.000476837158203,25.02969504788476,24.90308465900431,8800
2024-02-07,24.903084264711644,24.932302474975582,24.990737037902207,24.903084264711644,17800
2024-02-08,24.96151867509899,25.049171447753903,25.049171447753903,24.85438895332173,14900
2024-02-09,25.049171997434502,25.000476837158203,25.058911401010025,24.88360585185327,23700
2024-02-12,24.883606312130528,25.02969551086425,25.02969551086425,24.883606312130528,14500
2024-02-13,25.029695134958548,24.922563552856445,25.029695134958548,24.893345342028244,13200
2024-02-14,24.873868765976187,25.02969551086425,25.02969551086425,24.873868765976187,9500
2024-02-15,25.01021670335292,25.02969551086425,25.02969551086425,24.980998492085902,8400
2024-02-16,25.02969617316633,24.8641300201416,25.02969617316633,24.8641300201416,18400
2024-02-20,24.85438902027136,25.010215759277344,25.019955162665376,24.85438902027136,23700
2024-02-21,24.98099899291992,24.98099899291992,25.018007984892915,24.98099899291992,19600
2024-02-22,24.912823874697697,24.946910858154297,25.0102160521171,24.893345067693563,32900
2024-02-23,24.990737895841576,25.02969551086425,25.02969551086425,24.961519684574565,13900
2024-02-26,24.980998492085902,25.02969551086425,25.02969551086425,24.980998492085902,15300
2024-02-27,24.95178256771546,25.01703453063965,25.02969594149999,24.95178256771546,9000
2024-02-28,24.98099754911325,25.010215759277344,25.01800653894727,24.97125814572522,10800
2024-02-29,25.029695992688275,25.01995658874512,25.078391154802684,25.012163951029777,39200
2024-03-01,25.01995509526977,25.049171447753903,25.056964085004093,24.980997481822584,7200
2024-03-04,25.07838972539231,25.010215759277344,25.13682428811924,24.98099754911325,18600
2024-03-05,25.117347735627348,25.07839012145996,25.117347735627348,25.02190232395776,6900
2024-03-06,25.07839012145996,25.07839012145996,25.07839012145996,25.000476750726467,10700
2024-03-07,25.07839012145996,25.07839012145996,25.07839012145996,24.990737347184616,13200
2024-03-08,25.07449528205928,25.02969551086425,25.078390672041284,25.02969551086425,14200
2024-03-11,25.03164266951051,25.097869873046875,25.166043842804097,25.03164266951051,8200
2024-03-12,25.124166490025097,25.127086639404297,25.195262467881363,25.097870284801225,13200
2024-03-13,25.068651268285613,25.02969551086425,25.12708583321831,25.02969551086425,21500
2024-03-14,25.16604344824099,25.02969551086425,25.16604344824099,24.971259088330235,28100
2024-03-15,25.028719325393727,25.010215759277344,25.127084884731207,24.97125814572522,16000
2024-03-18,25.03943204439211,25.049171447753903,25.0589108511157,24.942041725976647,33300
2024-03-19,25.049173244108005,25.16604423522949,25.16604423522949,25.01021748546843,23100
2024-03-20,25.12708567625292,25.14656448364257,25.195261502116725,25.12708567625292,33300
2024-03-21,25.175781816172453,25.0881290435791,25.204998168636067,25.0881290435791,29000
2024-03-22,25.08813079051128,25.20499992370605,25.20499992370605,25.08813079051128,13100
2024-03-25,25.129033423109167,25.0881290435791,25.164093789106005,24.9907368676308,33400
2024-03-26,25.17578354895557,25.24395751953125,25.26343632758184,25.17578354895557,25300
2024-03-27,25.146565357108667,25.20499992370605,25.273175751937952,25.117349002610663,22900
2024-03-28,25.209999084472656,25.1299991607666,25.420000076293945,25.11000061035156,107700
2024-04-01,25.25,25.26000022888184,25.32999992370605,25.200000762939453,26600
2024-04-02,25.25,25.290000915527344,25.34000015258789,25.239999771118164,15700
2024-04-03,25.280000686645508,25.440000534057617,25.46999931335449,25.21999931335449,35600
2024-04-04,25.38999938964844,25.489999771118164,25.559999465942383,25.38999938964844,29800
2024-04-05,25.489999771118164,25.5,25.530000686645508,25.489999771118164,21000
2024-04-08,25.450000762939453,25.440000534057617,25.506999969482425,25.3700008392334,14800
2024-04-09,25.45800018310547,25.450000762939453,25.489999771118164,25.39999961853028,10700
2024-04-10,25.40999984741211,25.31999969482422,25.40999984741211,25.290000915527344,18700
2024-04-11,25.31999969482422,25.280000686645508,25.40999984741211,25.26000022888184,24400
2024-04-12,25.350000381469727,25.400999069213867,25.43000030517578,25.350000381469727,10700
2024-04-15,25.5,25.239999771118164,25.5,25.15999984741211,36800
2024-04-16,25.21999931335449,25.200000762939453,25.270000457763672,25.152000427246094,19800
2024-04-17,25.29700088500977,25.190000534057617,25.3799991607666,25.125,40000
2024-04-18,25.229999542236328,25.11000061035156,25.270000457763672,25.059999465942383,31400
2024-04-19,25.1200008392334,25.09000015258789,25.239999771118164,25.059999465942383,46500
2024-04-22,25.13999938964844,25.21999931335449,25.253999710083008,25.13999938964844,19400
2024-04-23,25.209999084472656,25.450000762939453,25.450000762939453,25.190000534057617,216000
2024-04-24,25.459999084472656,25.51000022888184,25.51000022888184,25.350000381469727,18700
2024-04-25,25.46999931335449,25.559999465942383,25.600000381469727,25.3700008392334,26400
2024-04-26,25.5,25.549999237060547,25.582000732421875,25.5,50400
2024-04-29,25.559999465942383,25.489999771118164,25.65999984741211,25.450000762939453,24500
2024-04-30,25.479999542236328,25.51000022888184,25.59000015258789,25.40999984741211,35300
2024-05-01,25.56999969482422,25.520000457763672,25.6299991607666,25.420000076293945,39800
2024-05-02,25.63999938964844,25.51000022888184,25.63999938964844,25.43000030517578,38400
2024-05-03,25.64800071716309,25.600000381469727,25.64999961853028,25.5,32474
2024-05-06,25.60099983215332,25.63999938964844,25.63999938964844,25.60099983215332,7900
2024-05-07,25.63999938964844,25.690000534057617,25.84000015258789,25.520000457763672,23900
2024-05-08,25.75,25.600000381469727,25.75,25.46999931335449,25500
2024-05-09,25.61000061035156,25.6299991607666,25.64999961853028,25.57999992370605,7600
2024-05-10,25.66399955749512,25.65999984741211,25.66399955749512,25.61000061035156,2900
2024-05-13,25.66200065612793,25.64999961853028,25.722000122070312,25.60300064086914,6200
2024-05-14,25.59000015258789,25.6200008392334,25.6200008392334,25.5,13900
2024-05-15,25.739999771118164,25.799999237060547,25.799999237060547,25.607999801635746,6200
2024-05-16,25.76000022888184,25.670000076293945,25.76000022888184,25.63999938964844,18400
2024-05-17,25.71999931335449,25.75,25.75,25.68000030517578,11700
2024-05-20,25.649999618530277,25.75,25.75,25.59000015258789,22700
2024-05-21,25.76000022888184,25.78499984741211,25.799999237060547,25.636999130249023,34900
2024-05-22,25.709999084472656,25.649999618530277,25.809999465942383,25.61000061035156,8700
2024-05-23,25.649999618530277,25.6299991607666,25.65999984741211,25.56999969482422,9700
2024-05-24,25.643999099731445,25.76000022888184,25.76000022888184,25.63999938964844,4000
2024-05-28,25.68000030517578,25.670000076293945,25.809999465942383,25.58300018310547,13800
2024-05-29,25.625,25.57999992370605,25.649999618530277,25.57999992370605,9700
2024-05-30,25.649999618530277,25.645000457763672,25.68000030517578,25.625,39000
2024-05-31,25.700000762939453,26.0,26.07999992370605,25.670000076293945,55500
2024-06-03,25.940000534057617,25.8799991607666,26.0,25.809999465942383,28100
2024-06-04,25.89900016784668,25.950000762939453,26.0,25.75,28900
2024-06-05,26.049999237060547,25.850000381469727,26.049999237060547,25.770000457763672,11600
2024-06-06,25.815000534057617,25.850000381469727,25.8799991607666,25.815000534057617,12400
2024-06-07,25.864999771118164,25.920000076293945,25.959999084472656,25.809999465942383,6000
